ElevationZone,Total National Population,,
,,,
Row Labels,Sum of Population2010,Sum of LandArea,Sum of Density
Africa,901529814,24320513,37.06870057
Asia,4066850410,40985150,99.2274131
Europe,704784295,5472744,128.7807899
North America,505581737,21475620,23.5421253
Oceania,37176851,8492248,4.377739675
South America,380024562,16017906,23.7249839
Grand Total,6595947669,116764181,56.4894783
